Entry Date,Symbol,MarketCap,Sector,Target Month,Month Open,Month High,Month Low,Month Close,%High,%Low,%Close
03-12-2012,ASTRAL,Largecap,Plastic products,Jan-2013,31.49,36.68,30.77,31.24,16.49,-2.29,-0.79
01-01-2013,SOLARINDS,Largecap,Aerospace & Defence,Feb-2013,197.68,205.7,177.76,186.19,4.06,-10.08,-5.81
01-02-2013,ASTRAL,Largecap,Plastic products,Mar-2013,35.37,36.68,29.31,32.21,3.72,-17.12,-8.91
01-04-2013,SUNPHARMA,Largecap,Healthcare,May-2013,431.05,493.59,422.31,475.07,14.51,-2.03,10.21
01-04-2013,GODREJCP,Largecap,FMCG,May-2013,251.26,268.56,241.67,261.65,6.88,-3.82,4.13
02-05-2013,APOLLOHOSP,Largecap,Healthcare,Jun-2013,959.8,1018.97,865.63,1002.09,6.16,-9.81,4.41
02-05-2013,PAGEIND,Largecap,Consumer Discretionary,Jun-2013,3737.69,3804.87,3441.36,3614.8,1.8,-7.93,-3.29
02-05-2013,ASTRAL,Largecap,Plastic products,Jun-2013,46.14,52.95,46.05,49.15,14.75,-0.19,6.52
01-07-2013,LUPIN,Largecap,Healthcare,Aug-2013,822.86,845.13,694.57,744.76,2.71,-15.59,-9.49
01-07-2013,PAGEIND,Largecap,Consumer Discretionary,Aug-2013,3953.13,4053.16,3452.13,3536.8,2.53,-12.67,-10.53
02-09-2013,HCLTECH,Largecap,I.T,Oct-2013,195.41,212.14,187.99,197.55,8.56,-3.8,1.09
01-10-2013,PIIND,Largecap,Chemicals,Nov-2013,195.5,238.16,188.78,219.0,21.82,-3.44,12.02
01-10-2013,ASTRAL,Largecap,Plastic products,Nov-2013,57.48,61.51,51.91,55.81,7.01,-9.69,-2.9
01-10-2013,PERSISTENT,Largecap,I.T,Nov-2013,174.42,196.29,171.19,187.62,12.54,-1.85,7.57
02-12-2013,HCLTECH,Largecap,I.T,Jan-2014,230.01,267.21,224.82,265.81,16.17,-2.26,15.56
02-12-2013,TECHM,Largecap,I.T,Jan-2014,325.96,336.75,300.98,315.7,3.31,-7.66,-3.15
01-01-2014,AUROPHARMA,Largecap,Healthcare,Feb-2014,221.88,253.77,217.79,246.39,14.38,-1.84,11.05
01-01-2014,PAGEIND,Largecap,Consumer Discretionary,Feb-2014,5060.69,5439.18,4844.9,5224.77,7.48,-4.26,3.24
03-02-2014,DRREDDY,Largecap,Healthcare,Mar-2014,531.69,531.69,470.43,473.66,0.0,-11.52,-10.91
03-02-2014,TATAELXSI,Largecap,I.T,Mar-2014,256.93,290.81,229.93,237.32,13.19,-10.51,-7.64
03-03-2014,SUPREMEIND,Largecap,Plastic products,Apr-2014,434.64,445.44,392.34,400.33,2.48,-9.73,-7.9
02-05-2014,EICHERMOT,Largecap,Auto,Jun-2014,617.28,750.8,614.5,738.75,21.63,-0.45,19.68
02-05-2014,MOTHERSON,Largecap,Auto,Jun-2014,21.08,22.89,20.63,22.68,8.59,-2.12,7.58
02-05-2014,TVSMOTOR,Largecap,Auto,Jun-2014,122.55,157.4,116.19,152.02,28.44,-5.19,24.05
02-06-2014,TORNTPHARM,Largecap,Healthcare,Jul-2014,303.17,336.36,282.58,318.66,10.95,-6.79,5.11
02-06-2014,BHARATFORG,Largecap,Industrials,Jul-2014,288.72,338.35,279.23,331.82,17.19,-3.29,14.93
02-06-2014,SRF,Largecap,Chemicals,Jul-2014,112.41,113.85,89.58,110.36,1.28,-20.31,-1.82
02-06-2014,HAVELLS,Largecap,Consumer Discretionary,Jul-2014,215.98,236.7,210.44,218.92,9.6,-2.56,1.36
02-06-2014,PIIND,Largecap,Chemicals,Jul-2014,322.92,409.86,294.35,379.91,26.92,-8.85,17.65
02-06-2014,SOLARINDS,Largecap,Aerospace & Defence,Jul-2014,390.91,407.48,346.88,392.18,4.24,-11.26,0.32
02-06-2014,NBCC,Largecap,Miscellaneous,Jul-2014,13.88,19.21,13.74,18.34,38.41,-0.98,32.14
01-07-2014,SUPREMEIND,Largecap,Plastic products,Aug-2014,520.75,548.48,493.28,517.9,5.33,-5.28,-0.55
01-07-2014,PAGEIND,Largecap,Consumer Discretionary,Aug-2014,7123.0,7251.98,6350.51,6369.43,1.81,-10.84,-10.58
01-08-2014,DABUR,Largecap,FMCG,Sep-2014,207.51,209.38,193.77,199.48,0.9,-6.62,-3.87
01-08-2014,TVSMOTOR,Largecap,Auto,Sep-2014,175.41,226.87,175.13,213.25,29.33,-0.16,21.57
01-08-2014,TECHM,Largecap,I.T,Sep-2014,418.14,451.12,418.14,443.93,7.89,0.0,6.17
01-08-2014,PERSISTENT,Largecap,I.T,Sep-2014,283.2,321.29,275.14,307.41,13.45,-2.84,8.55
01-09-2014,BAJFINANCE,Largecap,Financials,Oct-2014,26.25,27.82,24.48,27.09,5.98,-6.73,3.22
01-09-2014,SHREECEM,Largecap,Building Materials,Oct-2014,7980.33,8830.8,7807.88,8705.9,10.66,-2.16,9.09
01-09-2014,BAJAJHLDNG,Largecap,Financials,Oct-2014,1163.02,1214.97,1107.72,1161.8,4.47,-4.76,-0.1
01-09-2014,BRITANNIA,Largecap,FMCG,Oct-2014,594.27,672.05,564.84,665.0,13.09,-4.95,11.9
01-09-2014,SUPREMEIND,Largecap,Plastic products,Oct-2014,584.77,586.55,509.55,531.43,0.3,-12.86,-9.12
01-09-2014,HCLTECH,Largecap,I.T,Oct-2014,315.98,326.32,271.89,296.67,3.27,-13.95,-6.11
01-09-2014,NBCC,Largecap,Miscellaneous,Oct-2014,27.6,33.84,25.2,33.64,22.63,-8.69,21.88
03-11-2014,BAJAJHLDNG,Largecap,Financials,Dec-2014,1189.83,1227.54,1010.94,1176.3,3.17,-15.04,-1.14
03-11-2014,BOSCHLTD,Largecap,Auto,Dec-2014,17068.63,19001.08,16362.72,17482.38,11.32,-4.14,2.42
03-11-2014,HAVELLS,Largecap,Consumer Discretionary,Dec-2014,293.22,316.97,228.43,251.6,8.1,-22.09,-14.19
03-11-2014,KEI,Largecap,Industrials,Dec-2014,41.39,49.38,38.92,46.76,19.3,-5.96,12.98
03-11-2014,MARICO,Largecap,FMCG,Dec-2014,137.66,141.86,133.3,138.41,3.05,-3.17,0.54
03-11-2014,NAUKRI,Largecap,I.T,Dec-2014,185.5,187.03,154.52,162.96,0.83,-16.7,-12.15
01-12-2014,PIDILITIND,Largecap,Chemicals,Jan-2015,256.95,286.76,244.74,269.61,11.6,-4.75,4.93
01-12-2014,ZYDUSLIFE,Largecap,Healthcare,Jan-2015,293.45,312.47,289.94,297.65,6.48,-1.2,1.43
01-12-2014,PAGEIND,Largecap,Consumer Discretionary,Jan-2015,10465.96,11234.71,9569.08,10568.06,7.35,-8.57,0.98
01-12-2014,ADANIPORTS,Largecap,Transportation,Jan-2015,301.25,333.13,298.04,322.08,10.58,-1.07,6.91
01-12-2014,PERSISTENT,Largecap,I.T,Jan-2015,362.87,420.28,357.85,371.51,15.82,-1.38,2.38
01-01-2015,KOTAKBANK,Largecap,Bank,Feb-2015,131.06,135.62,122.74,132.82,3.48,-6.34,1.34
01-01-2015,MFSL,Largecap,Miscellaneous,Feb-2015,469.86,516.72,429.44,436.68,9.97,-8.6,-7.06
01-01-2015,TVSMOTOR,Largecap,Auto,Feb-2015,288.19,291.65,244.8,264.49,1.2,-15.06,-8.22
01-01-2015,MARUTI,Largecap,Auto,Feb-2015,3310.3,3380.78,3049.51,3271.32,2.13,-7.88,-1.18
01-01-2015,INDUSTOWER,Largecap,Telecom,Feb-2015,257.01,267.57,235.26,255.52,4.11,-8.46,-0.58
01-01-2015,SAMMAANCAP,Midcap,Financials,Feb-2015,381.74,421.79,362.94,410.64,10.49,-4.92,7.57
02-02-2015,BEL,Largecap,Aerospace & Defence,Mar-2015,31.46,31.47,25.79,28.04,0.03,-18.01,-10.87
02-02-2015,LUPIN,Largecap,Healthcare,Mar-2015,1645.95,1916.93,1640.3,1890.06,16.46,-0.34,14.83
02-02-2015,TATAELXSI,Largecap,I.T,Mar-2015,492.98,656.57,458.14,511.66,33.18,-7.07,3.79
02-02-2015,ASHOKLEY,Largecap,Auto,Mar-2015,29.71,31.53,27.72,30.37,6.14,-6.69,2.23
02-02-2015,UPL,Largecap,Chemicals,Mar-2015,250.26,274.12,239.93,264.72,9.53,-4.13,5.78
02-02-2015,INDUSINDBK,Largecap,Bank,Mar-2015,871.04,906.4,801.26,834.31,4.06,-8.01,-4.22
02-03-2015,SUNPHARMA,Largecap,Healthcare,Apr-2015,937.65,1099.65,835.4,859.76,17.28,-10.9,-8.31
04-05-2015,BAJFINANCE,Largecap,Financials,Jun-2015,41.28,53.04,40.22,52.51,28.48,-2.57,27.18
04-05-2015,TATAELXSI,Largecap,I.T,Jun-2015,561.47,571.24,462.1,531.78,1.74,-17.7,-5.29
04-05-2015,AUROPHARMA,Largecap,Healthcare,Jun-2015,649.97,692.5,587.08,687.39,6.54,-9.68,5.76
04-05-2015,CONCOR,Largecap,Transportation,Jun-2015,502.77,549.98,458.91,473.81,9.39,-8.72,-5.76
01-06-2015,MOTHERSON,Largecap,Auto,Jul-2015,36.7,38.57,35.16,37.23,5.09,-4.21,1.42
01-07-2015,TATAELXSI,Largecap,I.T,Aug-2015,767.24,1042.82,699.74,827.29,35.92,-8.8,7.83
01-07-2015,ASHOKLEY,Largecap,Auto,Aug-2015,35.71,41.57,32.48,37.67,16.41,-9.05,5.49
01-07-2015,CHOLAFIN,Largecap,Financials,Aug-2015,133.05,137.29,109.6,116.45,3.19,-17.62,-12.48
01-07-2015,BAJAJFINSV,Largecap,Financials,Aug-2015,184.99,214.94,165.39,180.1,16.19,-10.6,-2.65
01-09-2015,MARUTI,Largecap,Auto,Oct-2015,4309.49,4311.22,3849.78,4062.06,0.04,-10.67,-5.74
01-09-2015,SAMMAANCAP,Midcap,Financials,Oct-2015,532.88,542.97,476.52,480.05,1.89,-10.58,-9.91
02-11-2015,KEI,Largecap,Industrials,Dec-2015,109.32,120.07,96.88,116.91,9.83,-11.38,6.94
01-12-2015,BAJFINANCE,Largecap,Financials,Jan-2016,58.23,61.84,51.78,57.38,6.2,-11.09,-1.46
01-12-2015,AUROPHARMA,Largecap,Healthcare,Jan-2016,834.24,840.03,726.44,790.96,0.69,-12.92,-5.19
01-12-2015,UNOMINDA,Largecap,Auto,Jan-2016,30.45,31.86,23.26,25.98,4.64,-23.6,-14.66
01-12-2015,APLAPOLLO,Largecap,Industrials,Jan-2016,70.44,79.83,62.02,64.53,13.33,-11.95,-8.39
01-03-2016,BAJFINANCE,Largecap,Financials,Apr-2016,67.35,73.11,65.96,66.29,8.54,-2.07,-1.58
02-05-2016,PIDILITIND,Largecap,Chemicals,Jun-2016,341.12,350.44,318.45,343.94,2.73,-6.65,0.83
02-05-2016,CHOLAFIN,Largecap,Financials,Jun-2016,188.92,202.04,167.89,183.04,6.95,-11.13,-3.11
01-07-2016,MFSL,Largecap,Miscellaneous,Aug-2016,581.21,583.65,475.24,578.02,0.42,-18.23,-0.55
01-07-2016,CHOLAFIN,Largecap,Financials,Aug-2016,213.48,230.88,207.87,224.21,8.15,-2.63,5.03
01-07-2016,MANAPPURAM,Largecap,Financials,Aug-2016,68.04,76.58,66.8,71.1,12.55,-1.83,4.49
01-08-2016,PETRONET,Largecap,Energy,Sep-2016,121.66,126.26,112.83,119.9,3.78,-7.25,-1.45
01-08-2016,BIOCON,Smallcap,Healthcare,Sep-2016,150.06,161.5,142.9,153.09,7.62,-4.77,2.02
01-09-2016,UNOMINDA,Largecap,Auto,Oct-2016,47.32,61.71,47.21,58.58,30.4,-0.24,23.79
01-09-2016,BAJAJFINSV,Largecap,Financials,Oct-2016,309.71,343.18,307.71,337.02,10.81,-0.64,8.82
03-10-2016,PETRONET,Largecap,Energy,Nov-2016,136.21,136.91,113.16,134.93,0.51,-16.92,-0.94
01-02-2017,KEI,Largecap,Industrials,Mar-2017,174.72,181.6,162.76,178.38,3.94,-6.85,2.1
03-04-2017,IOC,Largecap,Energy,May-2017,82.97,84.83,78.26,80.79,2.24,-5.67,-2.62
03-04-2017,BAJAJFINSV,Largecap,Financials,May-2017,456.32,465.38,378.64,417.59,1.99,-17.02,-8.49
03-04-2017,APLAPOLLO,Largecap,Industrials,May-2017,141.02,144.55,125.92,136.56,2.5,-10.71,-3.17
02-05-2017,UNOMINDA,Largecap,Auto,Jun-2017,102.11,105.09,94.95,103.78,2.92,-7.01,1.63
01-06-2017,APLAPOLLO,Largecap,Industrials,Jul-2017,150.41,158.29,137.4,152.87,5.24,-8.65,1.63
03-07-2017,BAJFINANCE,Largecap,Financials,Aug-2017,166.53,178.95,154.86,173.55,7.46,-7.01,4.21
03-07-2017,HDFCBANK,Largecap,Bank,Aug-2017,415.74,422.11,403.91,414.48,1.53,-2.85,-0.3
01-08-2017,LTF,Largecap,Financials,Sep-2017,171.62,182.24,158.14,167.0,6.18,-7.86,-2.69
01-09-2017,INDUSINDBK,Largecap,Bank,Oct-2017,1613.72,1675.68,1498.77,1550.96,3.84,-7.12,-3.89
01-09-2017,TVSMOTOR,Largecap,Auto,Oct-2017,635.12,700.44,619.91,691.73,10.28,-2.39,8.91
01-09-2017,APLAPOLLO,Largecap,Industrials,Oct-2017,167.26,190.3,164.48,180.24,13.77,-1.66,7.76
03-10-2017,MARUTI,Largecap,Auto,Nov-2017,7661.66,8074.87,7502.87,7984.89,5.39,-2.07,4.22
03-10-2017,SOLARINDS,Largecap,Aerospace & Defence,Nov-2017,1011.47,1177.99,992.97,1127.71,16.46,-1.83,11.49
03-10-2017,GODREJPROP,Largecap,Realty,Nov-2017,683.0,740.0,655.05,728.2,8.35,-4.09,6.62
03-10-2017,LTF,Largecap,Financials,Nov-2017,173.34,174.02,146.97,147.74,0.4,-15.21,-14.77
01-11-2017,TATACONSUM,Largecap,FMCG,Dec-2017,270.03,297.69,256.12,296.19,10.24,-5.15,9.69
01-12-2017,TITAN,Largecap,Consumer Discretionary,Jan-2018,833.87,912.43,817.25,845.39,9.42,-1.99,1.38
01-01-2018,BIOCON,Smallcap,Healthcare,Feb-2018,303.8,318.1,272.82,310.72,4.71,-10.19,2.28
01-01-2018,GODREJPROP,Largecap,Realty,Feb-2018,803.4,849.0,728.1,780.2,5.68,-9.37,-2.89
01-02-2018,JSWSTEEL,Largecap,Metals & Mining,Mar-2018,287.53,290.09,252.25,263.02,0.89,-12.27,-8.52
02-04-2018,BRITANNIA,Largecap,FMCG,May-2018,2453.14,2661.43,2345.2,2620.79,8.49,-4.4,6.83
02-04-2018,COFORGE,Largecap,I.T,May-2018,211.15,211.56,178.63,203.35,0.19,-15.4,-3.69
02-05-2018,HDFCBANK,Largecap,Bank,Jun-2018,496.86,506.48,471.75,495.08,1.94,-5.05,-0.36
02-05-2018,PIDILITIND,Largecap,Chemicals,Jun-2018,554.3,555.29,490.1,511.43,0.18,-11.58,-7.73
02-05-2018,HINDUNILVR,Largecap,FMCG,Jun-2018,1420.73,1470.19,1362.64,1456.43,3.48,-4.09,2.51
02-05-2018,MPHASIS,Largecap,I.T,Jun-2018,900.68,948.39,817.01,890.25,5.3,-9.29,-1.16
01-06-2018,BAJFINANCE,Largecap,Financials,Jul-2018,224.0,272.88,222.16,263.21,21.82,-0.82,17.5
02-07-2018,MPHASIS,Largecap,I.T,Aug-2018,972.08,1068.22,952.44,1052.52,9.89,-2.02,8.28
02-07-2018,GODREJCP,Largecap,FMCG,Aug-2018,832.21,920.15,801.18,910.22,10.57,-3.73,9.37
01-08-2018,JSWSTEEL,Largecap,Metals & Mining,Sep-2018,368.28,394.33,345.13,352.0,7.07,-6.29,-4.42
01-08-2018,NESTLEIND,Largecap,FMCG,Sep-2018,529.45,529.45,417.03,439.68,0.0,-21.23,-16.95
01-08-2018,COFORGE,Largecap,I.T,Sep-2018,257.58,259.44,196.47,202.01,0.72,-23.73,-21.58
01-08-2018,PAGEIND,Largecap,Consumer Discretionary,Sep-2018,31891.97,32339.74,27024.94,30170.99,1.4,-15.26,-5.4
01-08-2018,JUBLFOOD,Largecap,Consumer Discretionary,Sep-2018,305.35,305.6,222.53,241.66,0.08,-27.12,-20.86
01-03-2019,ICICIGI,Largecap,Financials,Apr-2019,1000.37,1064.94,951.97,1046.65,6.45,-4.84,4.63
01-08-2019,ICICIGI,Largecap,Financials,Sep-2019,1200.32,1233.49,1057.24,1161.76,2.76,-11.92,-3.21
01-11-2019,ADANIGREEN,Largecap,Power & Utilities,Dec-2019,138.0,166.45,118.55,166.45,20.62,-14.09,20.62
01-02-2020,PATANJALI,Largecap,FMCG,Mar-2020,21.25,56.16,21.25,56.16,164.29,0.0,164.29
01-04-2020,NESTLEIND,Largecap,FMCG,May-2020,814.01,837.35,752.71,819.63,2.87,-7.53,0.69
01-06-2020,ADANIGREEN,Largecap,Power & Utilities,Jul-2020,340.95,424.85,305.6,340.65,24.61,-10.37,-0.09
03-08-2020,DIVISLAB,Largecap,Healthcare,Sep-2020,3020.7,3287.46,2895.56,2956.62,8.83,-4.14,-2.12
01-09-2020,LAURUSLABS,Largecap,Healthcare,Oct-2020,286.22,338.07,263.08,313.07,18.12,-8.08,9.38
01-09-2020,DIXON,Largecap,Consumer Discretionary,Oct-2020,1801.27,1995.65,1671.36,1855.82,10.79,-7.21,3.03
02-11-2020,DIVISLAB,Largecap,Healthcare,Dec-2020,3657.04,3743.37,3437.62,3726.79,2.36,-6.0,1.91
01-12-2020,ASIANPAINT,Largecap,Building Materials,Jan-2021,2640.84,2750.38,2297.21,2304.25,4.15,-13.01,-12.75
01-12-2020,APLAPOLLO,Largecap,Industrials,Jan-2021,436.37,487.22,415.02,447.15,11.65,-4.89,2.47
01-01-2021,TATAELXSI,Largecap,I.T,Feb-2021,2588.19,2911.03,2488.22,2536.75,12.47,-3.86,-1.99
01-02-2021,ADANIENT,Largecap,Services,Mar-2021,838.71,1090.35,834.42,1028.65,30.0,-0.51,22.65
01-02-2021,AMBER,Largecap,Consumer Discretionary,Mar-2021,3281.0,3662.0,2990.0,3315.85,11.61,-8.87,1.06
01-03-2021,PGEL,Midcap,Consumer Discretionary,Apr-2021,42.39,42.44,28.83,33.3,0.11,-32.0,-21.44
01-04-2021,JSWSTEEL,Largecap,Metals & Mining,May-2021,675.89,731.74,636.03,672.95,8.26,-5.9,-0.43
01-04-2021,CDSL,Largecap,Financials,May-2021,384.01,480.02,366.45,470.96,25.0,-4.57,22.64
03-05-2021,WIPRO,Largecap,I.T,Jun-2021,250.33,260.54,246.22,252.06,4.08,-1.64,0.69
03-05-2021,ASTRAL,Largecap,Plastic products,Jun-2021,1393.25,1508.43,1370.18,1478.37,8.27,-1.66,6.11
03-05-2021,PERSISTENT,Largecap,I.T,Jun-2021,1225.94,1440.47,1154.6,1416.78,17.5,-5.82,15.57
01-06-2021,INFY,Largecap,I.T,Jul-2021,1403.11,1444.53,1364.76,1433.05,2.95,-2.73,2.13
01-06-2021,SRF,Largecap,Chemicals,Jul-2021,1442.59,1718.27,1428.02,1705.25,19.11,-1.01,18.21
01-06-2021,JSWENERGY,Largecap,Power & Utilities,Jul-2021,163.33,252.62,157.7,247.0,54.67,-3.44,51.23
01-06-2021,POLYCAB,Largecap,Industrials,Jul-2021,1925.83,1977.38,1722.65,1809.32,2.68,-10.55,-6.05
01-07-2021,MFSL,Largecap,Miscellaneous,Aug-2021,1124.7,1140.0,1000.0,1088.15,1.36,-11.09,-3.25
01-07-2021,TATASTEEL,Largecap,Metals & Mining,Aug-2021,127.27,135.06,115.36,127.64,6.12,-9.35,0.29
01-07-2021,APOLLOHOSP,Largecap,Healthcare,Aug-2021,4007.25,4983.91,3864.47,4908.4,24.37,-3.56,22.49
01-07-2021,MPHASIS,Largecap,I.T,Aug-2021,2345.66,2687.27,2329.99,2595.13,14.56,-0.67,10.64
01-07-2021,DIVISLAB,Largecap,Healthcare,Aug-2021,4746.88,5083.38,4633.38,5039.16,7.09,-2.39,6.16
01-07-2021,COFORGE,Largecap,I.T,Aug-2021,964.02,1008.6,874.99,984.43,4.62,-9.24,2.12
02-08-2021,TATACONSUM,Largecap,FMCG,Sep-2021,842.83,860.15,784.54,787.2,2.05,-6.92,-6.6
02-08-2021,PIIND,Largecap,Chemicals,Sep-2021,3372.88,3483.76,3055.25,3132.36,3.29,-9.42,-7.13
02-08-2021,KPITTECH,Largecap,I.T,Sep-2021,331.0,367.43,299.47,334.18,11.0,-9.53,0.96
01-09-2021,TATAPOWER,Largecap,Power & Utilities,Oct-2021,154.41,260.52,152.32,208.44,68.72,-1.35,34.99
01-09-2021,BAJAJFINSV,Largecap,Financials,Oct-2021,1770.05,1928.63,1701.59,1778.55,8.96,-3.87,0.48
01-09-2021,DMART,Largecap,Consumer Discretionary,Oct-2021,4250.0,5900.0,4205.0,4635.45,38.82,-1.06,9.07
01-09-2021,POLYCAB,Largecap,Industrials,Oct-2021,2333.69,2588.86,2073.73,2210.89,10.93,-11.14,-5.26
01-09-2021,IRCTC,Largecap,Transportation,Oct-2021,722.6,1223.71,611.69,808.98,69.35,-15.35,11.95
01-10-2021,CGPOWER,Largecap,Industrials,Nov-2021,146.2,167.44,141.06,147.34,14.53,-3.51,0.78
01-10-2021,SOLARINDS,Largecap,Aerospace & Defence,Nov-2021,2475.28,2919.46,2245.74,2749.99,17.94,-9.27,11.1
01-10-2021,CDSL,Largecap,Financials,Nov-2021,670.8,778.13,619.87,695.26,16.0,-7.59,3.65
01-10-2021,DIXON,Largecap,Consumer Discretionary,Nov-2021,4983.32,5713.35,4822.43,5090.81,14.65,-3.23,2.16
01-11-2021,APLAPOLLO,Largecap,Industrials,Dec-2021,911.41,1099.37,887.74,986.18,20.62,-2.6,8.2
01-11-2021,TIINDIA,Largecap,Industrials,Dec-2021,1634.32,1769.14,1491.25,1744.1,8.25,-8.75,6.72
01-11-2021,KPITTECH,Largecap,I.T,Dec-2021,492.79,606.17,441.94,599.37,23.01,-10.32,21.63
01-11-2021,POWERINDIA,Largecap,Industrials,Dec-2021,2594.07,2848.49,2374.57,2520.98,9.81,-8.46,-2.82
01-11-2021,MAXHEALTH,Largecap,Healthcare,Dec-2021,380.27,455.97,356.38,440.89,19.91,-6.28,15.94
01-12-2021,SRF,Largecap,Chemicals,Jan-2022,2386.25,2642.51,2236.82,2373.14,10.74,-6.26,-0.55
01-12-2021,ADANIENT,Largecap,Services,Jan-2022,1709.95,1905.1,1651.55,1711.9,11.41,-3.42,0.11
01-12-2021,KEI,Largecap,Industrials,Jan-2022,1163.48,1221.9,1062.12,1068.37,5.02,-8.71,-8.17
01-12-2021,UNOMINDA,Largecap,Auto,Jan-2022,608.43,615.78,471.64,545.75,1.21,-22.48,-10.3
01-12-2021,TECHM,Largecap,I.T,Jan-2022,1562.47,1582.45,1224.05,1287.37,1.28,-21.66,-17.61
01-12-2021,PGEL,Midcap,Consumer Discretionary,Jan-2022,80.93,87.08,70.15,75.57,7.6,-13.32,-6.62
01-12-2021,BSE,Largecap,Financials,Jan-2022,203.75,232.92,197.99,207.27,14.31,-2.83,1.73
01-12-2021,IRCTC,Largecap,Transportation,Jan-2022,795.78,878.76,750.72,830.31,10.43,-5.66,4.34
03-01-2022,POWERINDIA,Largecap,Industrials,Feb-2022,3172.74,3422.17,2692.39,3295.91,7.86,-15.14,3.88
02-03-2022,TATAELXSI,Largecap,I.T,Apr-2022,8588.4,8859.47,7212.75,7488.27,3.16,-16.02,-12.81
02-03-2022,SRF,Largecap,Chemicals,Apr-2022,2657.52,2739.86,2394.73,2482.36,3.1,-9.89,-6.59
02-03-2022,ADANIENT,Largecap,Services,Apr-2022,2014.41,2416.64,2009.46,2327.85,19.97,-0.25,15.56
01-04-2022,ADANIGREEN,Largecap,Power & Utilities,May-2022,2860.0,2955.0,1833.1,1888.95,3.32,-35.91,-33.95
01-04-2022,ANGELONE,Smallcap,Financials,May-2022,179.81,180.66,117.74,137.33,0.47,-34.52,-23.63
01-07-2022,BEL,Largecap,Aerospace & Defence,Aug-2022,88.39,100.34,85.53,98.62,13.52,-3.24,11.58
01-07-2022,ADANIENT,Largecap,Services,Aug-2022,2572.32,3258.63,2565.68,3189.97,26.68,-0.26,24.01
01-07-2022,VBL,Largecap,FMCG,Aug-2022,176.73,215.38,176.37,205.45,21.87,-0.2,16.25
01-09-2022,SOLARINDS,Largecap,Aerospace & Defence,Oct-2022,3930.42,4160.88,3797.07,3888.61,5.86,-3.39,-1.06
03-10-2022,CGPOWER,Largecap,Industrials,Nov-2022,256.84,280.3,244.74,276.2,9.13,-4.71,7.54
03-10-2022,TVSMOTOR,Largecap,Auto,Nov-2022,1135.14,1150.93,1015.7,1034.61,1.39,-10.52,-8.86
03-10-2022,HAL,Largecap,Aerospace & Defence,Nov-2022,1210.38,1333.32,1149.91,1323.28,10.16,-5.0,9.33
03-10-2022,MAZDOCK,Largecap,Aerospace & Defence,Nov-2022,306.77,449.75,304.44,442.28,46.61,-0.76,44.17
01-11-2022,PHOENIXLTD,Largecap,Realty,Dec-2022,728.64,750.42,628.23,707.14,2.99,-13.78,-2.95
01-11-2022,RVNL,Largecap,Realty,Dec-2022,70.84,74.88,57.94,65.69,5.71,-18.21,-7.27
01-12-2022,SOLARINDS,Largecap,Aerospace & Defence,Jan-2023,4432.91,4522.6,3951.55,3988.72,2.02,-10.86,-10.02
02-01-2023,CGPOWER,Largecap,Industrials,Feb-2023,300.16,334.48,288.01,301.54,11.44,-4.05,0.46
01-03-2023,KPITTECH,Largecap,I.T,Apr-2023,914.45,934.49,729.83,902.97,2.19,-20.19,-1.25
03-04-2023,CGPOWER,Largecap,Industrials,May-2023,305.82,394.99,287.95,390.07,29.16,-5.84,27.55
03-04-2023,ITC,Largecap,FMCG,May-2023,367.37,398.55,354.74,392.81,8.49,-3.44,6.93
02-05-2023,VBL,Largecap,FMCG,Jun-2023,336.13,346.02,300.19,319.1,2.94,-10.69,-5.07
02-05-2023,HAL,Largecap,Aerospace & Defence,Jun-2023,1490.55,1911.58,1481.11,1835.36,28.25,-0.63,23.13
01-06-2023,BEL,Largecap,Aerospace & Defence,Jul-2023,123.2,128.77,118.36,127.79,4.52,-3.93,3.73
01-06-2023,SIEMENS,Largecap,Industrials,Jul-2023,2196.5,2370.61,2045.33,2320.59,7.93,-6.88,5.65
01-06-2023,KEI,Largecap,Industrials,Jul-2023,2316.47,2806.09,2269.17,2421.73,21.14,-2.04,4.54
03-07-2023,CUMMINSIND,Largecap,Industrials,Aug-2023,1911.61,1916.79,1635.92,1653.1,0.27,-14.42,-13.52
03-07-2023,PFC,Largecap,Financials,Aug-2023,189.72,200.61,180.6,188.31,5.74,-4.81,-0.74
03-07-2023,BDL,Largecap,Aerospace & Defence,Aug-2023,607.71,609.91,538.81,555.22,0.36,-11.34,-8.64
03-07-2023,POLYCAB,Largecap,Industrials,Aug-2023,4795.91,5113.71,4445.3,5071.2,6.63,-7.31,5.74
03-07-2023,MAZDOCK,Largecap,Aerospace & Defence,Aug-2023,929.58,966.54,834.21,899.87,3.98,-10.26,-3.2
01-08-2023,SUPREMEIND,Largecap,Plastic products,Sep-2023,4452.64,4623.34,3951.24,4056.0,3.83,-11.26,-8.91
01-08-2023,RECLTD,Largecap,Financials,Sep-2023,214.05,262.63,207.4,258.54,22.69,-3.11,20.78
01-08-2023,VBL,Largecap,FMCG,Sep-2023,359.17,389.83,355.11,376.57,8.54,-1.13,4.84
01-08-2023,KALYANKJIL,Largecap,Consumer Discretionary,Sep-2023,254.63,260.55,201.76,226.38,2.32,-20.77,-11.1
01-09-2023,TVSMOTOR,Largecap,Auto,Oct-2023,1524.67,1620.84,1477.46,1577.99,6.31,-3.1,3.5
01-09-2023,RVNL,Largecap,Realty,Oct-2023,168.77,174.75,140.42,152.28,3.54,-16.8,-9.77
01-09-2023,IRFC,Largecap,Financials,Oct-2023,74.22,78.04,63.5,70.12,5.14,-14.44,-5.53
03-10-2023,SUZLON,Largecap,Industrials,Nov-2023,30.7,44.0,30.6,40.75,43.32,-0.33,32.74
03-10-2023,SOLARINDS,Largecap,Aerospace & Defence,Nov-2023,5537.48,7822.42,5292.91,6280.48,41.26,-4.42,13.42
03-10-2023,BSE,Largecap,Financials,Nov-2023,620.61,840.8,578.48,818.54,35.48,-6.79,31.89
03-10-2023,KALYANKJIL,Largecap,Consumer Discretionary,Nov-2023,287.51,357.3,284.68,323.43,24.27,-0.99,12.49
01-11-2023,BEL,Largecap,Aerospace & Defence,Dec-2023,145.32,181.91,144.15,180.93,25.18,-0.81,24.5
01-11-2023,TRENT,Largecap,Consumer Discretionary,Dec-2023,2782.68,3055.6,2748.13,3050.21,9.81,-1.24,9.61
01-11-2023,PHOENIXLTD,Largecap,Realty,Dec-2023,1181.9,1203.59,1067.75,1118.92,1.83,-9.66,-5.33
01-11-2023,PRESTIGE,Largecap,Realty,Dec-2023,1016.4,1228.71,1014.66,1176.42,20.89,-0.17,15.74
01-11-2023,PGEL,Midcap,Consumer Discretionary,Dec-2023,232.02,256.76,223.83,237.18,10.66,-3.53,2.22
01-11-2023,MCX,Midcap,Financials,Dec-2023,638.72,665.38,608.72,636.7,4.17,-4.7,-0.32
01-11-2023,VBL,Largecap,FMCG,Dec-2023,441.99,549.5,420.29,492.52,24.32,-4.91,11.43
01-11-2023,HAL,Largecap,Aerospace & Defence,Dec-2023,2423.9,2768.54,2367.7,2724.09,14.22,-2.32,12.38
01-12-2023,BHEL,Largecap,Industrials,Jan-2024,198.42,233.76,191.29,227.58,17.81,-3.59,14.7
01-12-2023,LT,Largecap,Realty,Jan-2024,3477.97,3674.48,3329.58,3420.71,5.65,-4.27,-1.65
01-12-2023,KEI,Largecap,Industrials,Jan-2024,3239.49,3407.85,2813.37,3182.82,5.2,-13.15,-1.75
01-12-2023,NTPC,Largecap,Power & Utilities,Jan-2024,294.56,307.54,279.97,299.75,4.41,-4.95,1.76
01-12-2023,INOXWIND,Midcap,Industrials,Jan-2024,126.0,135.04,102.51,119.5,7.17,-18.64,-5.16
01-01-2024,PHOENIXLTD,Largecap,Realty,Feb-2024,1207.88,1466.54,1154.49,1376.16,21.41,-4.42,13.93
01-01-2024,NMDC,Largecap,Metals & Mining,Feb-2024,66.33,75.41,65.34,69.18,13.69,-1.49,4.31
01-01-2024,OFSS,Largecap,I.T,Feb-2024,6032.01,7575.35,5902.51,7097.63,25.59,-2.15,17.67
01-01-2024,DLF,Largecap,Realty,Feb-2024,792.2,908.08,773.09,889.57,14.63,-2.41,12.29
01-01-2024,BAJAJ-AUTO,Largecap,Auto,Feb-2024,7429.79,8368.18,7384.8,7651.66,12.63,-0.61,2.99
01-01-2024,NHPC,Largecap,Power & Utilities,Feb-2024,86.31,108.74,72.74,84.01,25.99,-15.72,-2.66
01-01-2024,OIL,Largecap,Energy,Feb-2024,266.02,391.66,263.0,339.78,47.23,-1.13,27.73
01-01-2024,COALINDIA,Largecap,Metals & Mining,Feb-2024,355.33,423.82,349.85,383.95,19.28,-1.54,8.06
01-01-2024,NBCC,Largecap,Miscellaneous,Feb-2024,85.91,115.98,79.19,88.7,35.0,-7.82,3.24
01-01-2024,HUDCO,Largecap,Financials,Feb-2024,164.37,214.48,155.85,181.04,30.48,-5.19,10.14
01-01-2024,RVNL,Largecap,Realty,Feb-2024,308.21,315.02,220.78,241.28,2.21,-28.37,-21.71
01-01-2024,MAXHEALTH,Largecap,Healthcare,Feb-2024,777.76,907.38,759.96,791.07,16.67,-2.29,1.71
01-02-2024,CUMMINSIND,Largecap,Industrials,Mar-2024,2679.38,2948.38,2584.83,2930.11,10.04,-3.53,9.36
01-02-2024,BOSCHLTD,Largecap,Auto,Mar-2024,28071.57,30584.24,27605.34,29485.86,8.95,-1.66,5.04
01-02-2024,INDHOTEL,Largecap,Services,Mar-2024,586.41,592.02,527.9,587.65,0.96,-9.98,0.21
01-02-2024,IOC,Largecap,Energy,Mar-2024,153.1,162.59,140.02,152.92,6.19,-8.54,-0.12
01-02-2024,SOLARINDS,Largecap,Aerospace & Defence,Mar-2024,6815.62,9436.35,6741.96,8770.0,38.45,-1.08,28.68
01-02-2024,POWERGRID,Largecap,Power & Utilities,Mar-2024,266.71,279.72,241.12,259.13,4.88,-9.6,-2.84
01-02-2024,PERSISTENT,Largecap,I.T,Mar-2024,4264.74,4312.52,3885.03,3937.95,1.12,-8.9,-7.66
01-03-2024,ABB,Largecap,Industrials,Apr-2024,6340.0,6686.15,6164.83,6456.79,5.46,-2.76,1.84
01-03-2024,ONGC,Largecap,Energy,Apr-2024,241.48,263.55,238.73,254.81,9.14,-1.14,5.52
01-03-2024,LT,Largecap,Realty,Apr-2024,3716.7,3794.5,3413.48,3533.31,2.09,-8.16,-4.93
01-03-2024,SIEMENS,Largecap,Industrials,Apr-2024,3146.3,3464.54,3146.3,3417.04,10.11,0.0,8.61
01-03-2024,KEI,Largecap,Industrials,Apr-2024,3457.65,4108.26,3428.91,3987.12,18.82,-0.83,15.31
01-03-2024,ZYDUSLIFE,Largecap,Healthcare,Apr-2024,1010.82,1017.48,900.61,940.4,0.66,-10.9,-6.97
01-03-2024,PNB,Largecap,Bank,Apr-2024,120.49,137.25,119.97,135.48,13.91,-0.44,12.44
01-03-2024,UNIONBANK,Largecap,Bank,Apr-2024,145.59,153.79,130.14,145.31,5.63,-10.61,-0.19
01-03-2024,TORNTPOWER,Largecap,Power & Utilities,Apr-2024,1361.26,1588.95,1296.41,1460.61,16.73,-4.76,7.3
01-03-2024,BSE,Largecap,Financials,Apr-2024,845.13,1078.86,836.07,922.04,27.66,-1.07,9.1
01-03-2024,POWERINDIA,Largecap,Industrials,Apr-2024,7028.74,9883.66,6810.03,9572.61,40.62,-3.11,36.19
01-04-2024,BLUESTARCO,Largecap,Consumer Discretionary,May-2024,1487.01,1634.19,1364.16,1562.44,9.9,-8.26,5.07
01-04-2024,EXIDEIND,Largecap,Auto,May-2024,473.55,512.8,431.13,483.91,8.29,-8.96,2.19
01-04-2024,COLPAL,Largecap,FMCG,May-2024,2689.82,2836.89,2528.57,2580.31,5.47,-5.99,-4.07
01-04-2024,GAIL,Largecap,Energy,May-2024,194.18,196.32,174.06,189.81,1.1,-10.36,-2.25
01-04-2024,CANBK,Largecap,Bank,May-2024,117.27,118.97,100.01,110.91,1.45,-14.72,-5.43
01-04-2024,PFC,Largecap,Financials,May-2024,417.79,488.82,375.65,459.09,17.0,-10.09,9.89
01-04-2024,POWERGRID,Largecap,Power & Utilities,May-2024,282.57,306.72,273.26,290.11,8.54,-3.3,2.67
01-04-2024,RECLTD,Largecap,Financials,May-2024,471.25,543.27,442.59,493.99,15.28,-6.08,4.82
01-04-2024,PRESTIGE,Largecap,Realty,May-2024,1373.05,1672.47,1351.5,1594.18,21.81,-1.57,16.11
01-04-2024,KPITTECH,Largecap,I.T,May-2024,1482.59,1597.29,1407.22,1440.38,7.74,-5.08,-2.85
02-05-2024,CGPOWER,Largecap,Industrials,Jun-2024,697.07,731.92,546.7,701.75,5.0,-21.57,0.67
02-05-2024,HINDZINC,Largecap,Metals & Mining,Jun-2024,699.68,699.68,564.28,633.16,0.0,-19.35,-9.51
02-05-2024,M&M,Largecap,Auto,Jun-2024,2535.96,2967.75,2411.03,2823.13,17.03,-4.93,11.32
02-05-2024,NATIONALUM,Largecap,Metals & Mining,Jun-2024,184.33,184.7,134.81,171.42,0.2,-26.86,-7.0
02-05-2024,INDIGO,Largecap,Transportation,Jun-2024,4316.71,4602.02,3861.72,4221.12,6.61,-10.54,-2.21
02-05-2024,BDL,Largecap,Aerospace & Defence,Jun-2024,1649.48,1649.48,1282.73,1583.67,0.0,-22.23,-3.99
03-06-2024,BOSCHLTD,Largecap,Auto,Jul-2024,33382.52,35127.99,32656.76,34510.05,5.23,-2.17,3.38
03-06-2024,SUPREMEIND,Largecap,Plastic products,Jul-2024,5897.26,6253.6,5182.68,5297.9,6.04,-12.12,-10.16
03-06-2024,GAIL,Largecap,Energy,Jul-2024,204.63,228.83,194.32,223.88,11.83,-5.04,9.41
03-06-2024,GLENMARK,Largecap,Healthcare,Jul-2024,1228.22,1468.29,1227.33,1463.06,19.55,-0.07,19.12
03-06-2024,BHARTIARTL,Largecap,Telecom-Service,Jul-2024,1430.01,1503.98,1389.03,1470.99,5.17,-2.87,2.87
03-06-2024,UNOMINDA,Largecap,Auto,Jul-2024,1098.72,1203.71,941.19,1037.9,9.56,-14.34,-5.54
03-06-2024,DIXON,Largecap,Consumer Discretionary,Jul-2024,12089.3,12868.67,10611.48,12096.74,6.45,-12.22,0.06
03-06-2024,RVNL,Largecap,Realty,Jul-2024,411.93,639.13,399.38,594.19,55.16,-3.05,44.24
03-06-2024,KPITTECH,Largecap,I.T,Jul-2024,1630.9,1906.37,1617.06,1821.27,16.89,-0.85,11.67
03-06-2024,MAZDOCK,Largecap,Aerospace & Defence,Jul-2024,2107.0,2883.4,2057.82,2580.06,36.85,-2.33,22.45
03-06-2024,KALYANKJIL,Largecap,Consumer Discretionary,Jul-2024,501.65,630.34,480.51,576.42,25.65,-4.21,14.9
03-06-2024,LODHA,Largecap,Realty,Jul-2024,1502.4,1586.97,1290.47,1302.21,5.63,-14.11,-13.32
01-07-2024,LUPIN,Largecap,Healthcare,Aug-2024,1899.19,2242.75,1888.31,2226.35,18.09,-0.57,17.23
01-07-2024,ONGC,Largecap,Energy,Aug-2024,304.32,310.8,274.9,300.28,2.13,-9.67,-1.33
01-07-2024,TORNTPHARM,Largecap,Healthcare,Aug-2024,3120.13,3515.5,3104.78,3428.1,12.67,-0.49,9.87
01-07-2024,BHARATFORG,Largecap,Industrials,Aug-2024,1725.99,1756.94,1498.24,1574.22,1.79,-13.2,-8.79
01-07-2024,COLPAL,Largecap,FMCG,Aug-2024,3253.27,3587.79,3206.28,3534.82,10.28,-1.44,8.65
01-07-2024,IOC,Largecap,Energy,Aug-2024,172.85,173.31,154.81,168.07,0.27,-10.43,-2.76
01-07-2024,ZYDUSLIFE,Largecap,Healthcare,Aug-2024,1245.78,1309.3,1092.58,1115.13,5.1,-12.3,-10.49
01-07-2024,OFSS,Largecap,I.T,Aug-2024,10667.54,10788.52,9164.62,10484.82,1.13,-14.09,-1.71
01-07-2024,SUZLON,Largecap,Industrials,Aug-2024,69.93,84.29,65.6,75.84,20.53,-6.19,8.45
01-07-2024,ADANIPORTS,Largecap,Transportation,Aug-2024,1573.3,1597.18,1444.97,1474.73,1.52,-8.16,-6.27
01-07-2024,COALINDIA,Largecap,Metals & Mining,Aug-2024,470.38,482.68,437.45,466.16,2.61,-7.0,-0.9
01-07-2024,PGEL,Midcap,Consumer Discretionary,Aug-2024,443.21,591.55,403.69,524.75,33.47,-8.92,18.4
01-07-2024,NBCC,Largecap,Miscellaneous,Aug-2024,119.82,137.56,106.9,122.22,14.81,-10.78,2.01
01-07-2024,360ONE,Largecap,Financials,Aug-2024,1114.42,1198.46,971.47,1061.06,7.54,-12.83,-4.79
01-08-2024,UNOMINDA,Largecap,Auto,Sep-2024,1184.46,1251.26,1003.75,1098.37,5.64,-15.26,-7.27
01-08-2024,HDFCAMC,Largecap,Financials,Sep-2024,2175.16,2231.23,2098.4,2110.05,2.58,-3.53,-2.99
02-09-2024,CGPOWER,Largecap,Industrials,Oct-2024,759.86,871.04,695.33,701.45,14.63,-8.49,-7.69
02-09-2024,M&M,Largecap,Auto,Oct-2024,3080.75,3194.63,2647.78,2706.8,3.7,-14.05,-12.14
02-09-2024,INDHOTEL,Largecap,Services,Oct-2024,687.98,713.3,644.01,674.72,3.68,-6.39,-1.93
02-09-2024,SHRIRAMFIN,Largecap,Financials,Oct-2024,699.74,709.68,592.34,614.04,1.42,-15.35,-12.25
02-09-2024,MOTHERSON,Largecap,Auto,Oct-2024,140.47,143.03,119.04,119.9,1.83,-15.25,-14.65
02-09-2024,UNITDSPR,Largecap,FMCG,Oct-2024,1568.91,1592.89,1407.76,1429.97,1.53,-10.27,-8.86
02-09-2024,FORTIS,Largecap,Healthcare,Oct-2024,614.37,631.0,571.32,623.96,2.71,-7.01,1.56
02-09-2024,POWERGRID,Largecap,Power & Utilities,Oct-2024,331.3,335.93,293.23,302.71,1.4,-11.49,-8.63
02-09-2024,INOXWIND,Midcap,Industrials,Oct-2024,238.45,241.78,197.27,223.8,1.4,-17.27,-6.14
02-09-2024,NIFTY,Smallcap,Indices,Oct-2024,25788.45,25907.6,24073.9,24205.35,0.46,-6.65,-6.14
02-09-2024,BSE,Largecap,Financials,Oct-2024,1244.41,1658.04,1226.17,1483.85,33.24,-1.47,19.24
02-09-2024,POWERINDIA,Largecap,Industrials,Oct-2024,14595.77,16545.15,13020.92,13814.99,13.36,-10.79,-5.35
02-09-2024,ETERNAL,Largecap,I.T,Oct-2024,272.55,290.0,240.4,241.75,6.4,-11.8,-11.3
01-10-2024,MCX,Midcap,Financials,Nov-2024,1303.03,1318.53,1159.73,1232.36,1.19,-11.0,-5.42
01-11-2024,INDHOTEL,Largecap,Services,Dec-2024,792.67,892.28,788.53,874.98,12.57,-0.52,10.38
01-11-2024,NATIONALUM,Largecap,Metals & Mining,Dec-2024,227.97,240.68,194.75,199.31,5.58,-14.57,-12.57
01-11-2024,CDSL,Largecap,Financials,Dec-2024,1633.68,1973.71,1616.82,1744.43,20.81,-1.03,6.78
02-12-2024,KFINTECH,Midcap,Financials,Jan-2025,1534.72,1581.11,1028.81,1083.0,3.02,-32.96,-29.43
02-12-2024,OFSS,Largecap,I.T,Jan-2025,12203.0,12289.35,8531.02,8703.76,0.71,-30.09,-28.68
02-12-2024,OBEROIRLTY,Largecap,Realty,Jan-2025,2307.77,2311.84,1636.97,1803.75,0.18,-29.07,-21.84
02-12-2024,AMBER,Largecap,Consumer Discretionary,Jan-2025,7402.55,8177.0,6075.0,6501.8,10.46,-17.93,-12.17
02-12-2024,KALYANKJIL,Largecap,Consumer Discretionary,Jan-2025,757.78,793.08,419.42,501.63,4.66,-44.65,-33.8
01-04-2025,BSE,Largecap,Financials,May-2025,2113.67,2690.0,2066.81,2674.0,27.27,-2.22,26.51
02-06-2025,BHARTIARTL,Largecap,Telecom-Service,Jul-2025,1992.34,2028.84,1880.0,1914.3,1.83,-5.64,-3.92
01-09-2025,FORTIS,Largecap,Healthcare,Oct-2025,971.0,1104.3,967.5,1023.05,13.73,-0.36,5.36
03-11-2025,MUTHOOTFIN,Largecap,Financials,Dec-2025,3779.0,3890.0,3688.3,3811.7,2.94,-2.4,0.87
01-12-2025,LAURUSLABS,Largecap,Healthcare,Jan-2026,1108.0,1141.0,951.8,965.0,2.98,-14.1,-12.91
01-01-2026,ASHOKLEY,Largecap,Auto,Feb-2026,189.77,215.42,185.52,211.1,13.52,-2.24,11.24
01-01-2026,NATIONALUM,Largecap,Metals & Mining,Feb-2026,342.81,387.1,334.35,354.6,12.92,-2.47,3.44
